Name,polarity_score
gendry baratheon,-0.021646376811594203
myrcella baratheon,-0.5994
renly baratheon,-0.003783720930232552
robert baratheon,-0.026600000000000002
stannis baratheon,-0.024696283783783784
