season,name,avg_polarity,num_sentences
season_2,rorge,-0.42724999999999996,6
season_2,prisoner,-0.2946666666666667,9
season_2,men,-0.23461428571428572,14
season_2,rickard karstark,-0.23112500000000002,12
season_2,lord,-0.1890333333333333,6
season_2,quaith,-0.18845714285714285,7
season_2,roose,-0.17861428571428575,7
season_2,melisandre,-0.1697711111111111,45
season_2,lord mormont,-0.1328166666666667,18
season_2,gold cloak,-0.13262222222222222,9
