name,avg_polarity,num_sentences
rast,-0.286825,8
mance,-0.1877391304347826,23
ralf,-0.1766333333333333,9
pyp,-0.15579411764705883,17
janos,-0.14416666666666667,9
guard,-0.14248333333333332,6
selyse,-0.1383952380952381,21
robin,-0.12845500000000004,20
lady anya,-0.12350714285714286,14
moles town whore,-0.12060833333333333,12
