season,name,avg_polarity,num_sentences
season_4,rast,-0.286825,8
season_4,mance,-0.1877391304347826,23
season_4,ralf,-0.1766333333333333,9
season_4,pyp,-0.15579411764705883,17
season_4,janos,-0.14416666666666667,9
season_4,guard,-0.14248333333333332,6
season_4,selyse,-0.1383952380952381,21
season_4,robin,-0.12845500000000004,20
season_4,lady anya,-0.12350714285714286,14
season_4,moles town whore,-0.12060833333333333,12
