name,avg_polarity,num_sentences
wildling,-0.2600857142857143,7
king joffrey,-0.19956250000000003,8
gendry baratheon,-0.19194444444444445,9
khal drogo,-0.18762307692307686,13
syrio forel,-0.18017,30
pyp,-0.16700714285714285,14
grenn,-0.15627916666666664,24
rakharo,-0.15516470588235295,17
qotho,-0.15036363636363634,11
rodrick cassel,-0.14892857142857144,7
