name,avg_polarity,num_sentences
fennesz,0.5212625,8
qyburn,0.36927000000000004,10
hizdahr,0.31549,10
mace,0.26551111111111114,9
maester aemon,0.2189333333333333,6
olyvar,0.21655384615384615,13
karl tanner,0.19312941176470586,17
myranda,0.1727857142857143,7
joffrey lannister,0.1644972972972973,37
hot pie,0.15736666666666668,15
