name,avg_polarity,num_sentences
daisy,0.38605,6
doreah,0.31523999999999996,10
gilly,0.24078888888888889,9
saan,0.23197142857142858,14
ros,0.2191888888888889,18
roose bolton,0.16959166666666667,12
davos,0.16526526315789478,95
pyat pree,0.16027333333333335,15
alton,0.1592741935483871,31
margaery tyrell,0.15925714285714285,28
