season,name,avg_polarity,num_sentences
season_2,daisy,0.38605,6
season_2,doreah,0.31523999999999996,10
season_2,gilly,0.24078888888888889,9
season_2,saan,0.23197142857142858,14
season_2,ros,0.2191888888888889,18
season_2,roose bolton,0.16959166666666667,12
season_2,davos,0.16526526315789478,95
season_2,pyat pree,0.16027333333333335,15
season_2,alton,0.1592741935483871,31
season_2,margaery tyrell,0.15925714285714285,28
