season,name,avg_polarity,num_sentences
season_4,fennesz,0.5212625,8
season_4,qyburn,0.36927000000000004,10
season_4,hizdahr,0.31549,10
season_4,mace,0.26551111111111114,9
season_4,maester aemon,0.2189333333333333,6
season_4,olyvar,0.21655384615384615,13
season_4,karl tanner,0.19312941176470586,17
season_4,myranda,0.1727857142857143,7
season_4,joffrey lannister,0.1644972972972973,37
season_4,hot pie,0.15736666666666668,15
