name,avg_polarity,num_sentences
marillion,0.2631076923076923,13
alliser thorne,0.17081538461538462,13
benjen stark,0.15303076923076925,13
hot pie,0.14115000000000003,6
varys,0.1394461538461539,65
lancel lannister,0.12056666666666664,6
mordane,0.11022222222222221,9
illyrio,0.1077846153846154,13
grand maester pycelle,0.10769318181818183,44
walder frey,0.10223846153846156,13
